<?xml version="1.0"?>
<skin>

<Description>
	Tux Skin by Steels
	Based on Everaldo's Crystal Icons.
	Contact:
	steels@steels.no-ip.com
	ese_waly@hotmail.com (msn)
	http://steels.no-ip.com
	Version 1.0
</Description>

<Colors>
	<Background1>#EFEFEF</Background1>
	<Background2>#CCCCCC</Background2>
</Colors>

<smileys>

	<size>16</size>

	<emoticon>
		<name> Smile </name>
		<text> ":)" </text>
		<text> ":-)" </text>
		<svg />
		<file> svg/emoticon_1.svg </file>
	</emoticon>

	<emoticon>
		<name> Wink, wink </name>
		<text> ";)" </text>
		<text> ";-)" </text>
		<svg />
		<file> svg/emoticon_2.svg </file>
	</emoticon>

	<emoticon>
		<name> Big smile </name>
		<text> ":D" </text>
		<text> ":-D" </text>
		<svg />
		<file> svg/emoticon_3.svg </file>
	</emoticon>

	<emoticon>
		<name> Sad </name>
		<text> ":(" </text>
		<text> ":-(" </text>
		<svg />
		<file> svg/emoticon_4.svg </file>
	</emoticon>

	<emoticon>
		<name> Crying </name>
		<text> ".cry." </text>
		<svg />
		<file> svg/emoticon_5.svg </file>
	</emoticon>

	<emoticon>
		<name> Angry </name>
		<text> ">)" </text>
		<svg />
		<file> svg/emoticon_6.svg </file>
	</emoticon>

	<emoticon>
		<name> Pfft </name>
		<text> ":P" </text>
		<text> ":-P" </text>
		<svg />
		<file> svg/emoticon_7.svg </file>
	</emoticon>

	<emoticon>
		<name> Ooh </name>
		<text> ":O" </text>
		<text> ":-O" </text>
		<svg />
		<file> svg/emoticon_8.svg </file>
	</emoticon>

</smileys>

</skin>
